iPhone 9,Apple,549,94
iPhone X,Apple,899,34
Samsung Universe 9,Samsung,1249,36
OPPOF19,OPPO,280,123
Huawei P30,Huawei,499,32
MacBook Pro,Apple,1749,83
Samsung Galaxy Book,Samsung,1499,50
Microsoft Surface Laptop 4,Microsoft Surface,1499,68
Infinix INBOOK,Infinix,1099,96
HP Pavilion 15-DK1056WM,HP Pavilion,1099,89
perfume Oil,Impression of Acqua Di Gio,13,65
Brown Perfume,Royal_Mirage,40,52
Fog Scent Xpressio Perfume,Fog Scent Xpressio,13,61
Non-Alcoholic Concentrated Perfume Oil,Al Munakh,120,114
Eau De Perfume Spray,Lord - Al-Rehab,30,105
Hyaluronic Acid Serum,L'Oreal Paris,19,110
Tree Oil 30ml,Hemani Tea,12,78
Oil Free Moisturizer 100ml,Dermive,40,88
Skin Beauty Serum.,ROREC White Rice,46,54
Freckle Treatment Cream- 15gm,Fair & Clear,70,140
- Daal Masoor 500 grams,Saaf & Khaas,20,133
Elbow Macaroni - 400 gm,Bake Parlor Big,14,146
Orange Essence Food Flavou,Baking Food Items,14,26
cereals muesli fruit nuts,fauji,46,113
Gulab Powder 50 Gram,Dry Rose,70,47
Plant Hanger For Home,Boho Decor,41,131
Flying Wooden Bird,Flying Wooden,51,17
3D Embellishment Art Lamp,LED Lights,20,54
Handcraft Chinese style,luxury palace,60,7
Key Holder,Golden,30,54
