4,Starlin,scoats3@jiathis.com,Female
6,Fredi,fgarrett5@yolasite.com,Female
9,Danya,denterlein8@sakura.ne.jp,Female
10,Filia,fmcwhan9@123-reg.co.uk,Female
11,Aida,atrumpera@about.com,Female
13,Kelila,kroslingc@thetimes.co.uk,Female
14,Millisent,mgotcliffd@jimdo.com,Female
16,Hermine,hlawlesf@icio.us,Female
18,Dasi,dmcfadeh@amazon.co.uk,Female
21,Janeva,jcapsk@51.la,Female
25,Lauretta,lmissingtono@abc.net.au,Female
29,Aretha,amurfills@ibm.com,Female
30,Joly,jhehlt@themeforest.net,Female
34,Ines,inorewoodx@thetimes.co.uk,Female
36,Nichol,nscarletz@un.org,Female
37,Layney,lhillaby10@apache.org,Female
38,Cordula,ckleinfeld11@homestead.com,Female
40,Collie,cberzons13@marriott.com,Female
47,Liza,lwhillock1a@ebay.com,Female
51,Leisha,lgowry1e@biglobe.ne.jp,Female
52,Bibi,byurukhin1f@arstechnica.com,Female
57,Garnette,gluscott1k@scribd.com,Female
64,Ginger,gbeauchamp1r@guardian.co.uk,Female
67,Isadora,igrebner1u@apache.org,Female
68,Joanna,jbootton1v@comsenz.com,Female
71,Angelita,akirsopp1y@ca.gov,Female
72,Viviyan,vpeters1z@columbia.edu,Female
75,Ivett,ihens22@hubpages.com,Female
79,Morgana,msteddall26@trellian.com,Female
84,Nikaniki,njeffs2b@taobao.com,Female
87,Cahra,cendacott2e@home.pl,Female
88,Anthe,abugs2f@skyrock.com,Female
89,Juanita,jsweeney2g@si.edu,Female
91,Pier,phubeaux2i@sciencedirect.com,Female
92,Cecilia,cbeteriss2j@mapy.cz,Female
93,Iseabal,imontfort2k@blinklist.com,Female
94,Karna,kclassen2l@nymag.com,Female
96,Libbi,lflewan2n@usa.gov,Female
